,attr1,attr2,correlation,p
0,cbo,wmc,0.6352080113234013,0.0
1,cbo,dit,0.3555168190046683,0.0
2,cbo,rfc,0.8022787583334184,0.0
3,cbo,lcom,0.4109570553415045,0.0
4,cbo,totalMethodsQty,0.6350866088710726,0.0
5,cbo,staticMethodsQty,0.35942280373586627,0.0
6,cbo,publicMethodsQty,0.5118896096088608,0.0
7,cbo,privateMethodsQty,0.4083778160810573,0.0
8,cbo,protectedMethodsQty,0.1385817407927982,0.0
9,cbo,defaultMethodsQty,0.07761498089811987,8.490718332923432e-113
10,cbo,abstractMethodsQty,0.6106583462944248,0.0
11,cbo,finalMethodsQty,0.033910534454050435,6.918108152346919e-23
12,cbo,synchronizedMethodsQty,0.06617056994417889,1.910348852684694e-82
13,cbo,totalFieldsQty,0.439084959454328,0.0
14,cbo,staticFieldsQty,0.43516178500703256,0.0
15,cbo,publicFieldsQty,0.3900688558241922,0.0
16,cbo,privateFieldsQty,0.1754020024336399,0.0
17,cbo,protectedFieldsQty,0.42360594071365903,0.0
18,cbo,defaultFieldsQty,0.10177931442950067,6.225243991762282e-193
19,cbo,visibleFieldsQty,0.1373955576083607,0.0
20,cbo,finalFieldsQty,0.4084979754684452,0.0
21,cbo,synchronizedFieldsQty,,
22,cbo,nosi,0.658353166006744,0.0
23,cbo,loc,0.759236445691256,0.0
24,cbo,returnQty,0.1682654619737223,0.0
25,cbo,loopQty,0.3712592033259558,0.0
26,cbo,comparisonsQty,0.2886393759749827,0.0
27,cbo,tryCatchQty,0.3191403927484567,0.0
28,cbo,parenthesizedExpsQty,0.2650844422607156,0.0
29,cbo,stringLiteralsQty,0.6438908481116881,0.0
30,cbo,numbersQty,0.5598802542916675,0.0
31,cbo,assignmentsQty,0.7176498719626854,0.0
32,cbo,mathOperationsQty,0.4128886802663761,0.0
33,cbo,variablesQty,0.728412194280596,0.0
34,cbo,maxNestedBlocksQty,0.43738342732952135,0.0
35,cbo,anonymousClassesQty,0.24831262183750802,0.0
36,cbo,innerClassesQty,0.27641859577253064,0.0
37,cbo,lambdasQty,0.32629103082484556,0.0
38,cbo,uniqueWordsQty,0.8165536086226975,0.0
39,cbo,modifiers,0.3331872905885569,0.0
40,cbo,logStatementsQty,0.22651823804683094,0.0
41,wmc,dit,0.19878367132522823,0.0
42,wmc,rfc,0.678044201894184,0.0
43,wmc,lcom,0.6673508099683653,0.0
44,wmc,totalMethodsQty,0.9406192198920547,0.0
45,wmc,staticMethodsQty,0.3843296620554245,0.0
46,wmc,publicMethodsQty,0.7864193602113505,0.0
47,wmc,privateMethodsQty,0.4666545774926182,0.0
48,wmc,protectedMethodsQty,0.104418232638846,5.178743226636504e-203
49,wmc,defaultMethodsQty,0.13673113762204048,0.0
50,wmc,abstractMethodsQty,0.9174392436147617,0.0
51,wmc,finalMethodsQty,0.06529084008390829,2.5902985685112213e-80
52,wmc,synchronizedMethodsQty,0.09126676537920188,2.2137723219129174e-155
53,wmc,totalFieldsQty,0.5106723491763385,0.0
54,wmc,staticFieldsQty,0.533108185065422,0.0
55,wmc,publicFieldsQty,0.3729598749520758,0.0
56,wmc,privateFieldsQty,0.11416459421476256,1.588885185412566e-242
57,wmc,protectedFieldsQty,0.5261438613513527,0.0
58,wmc,defaultFieldsQty,0.10381210536730436,1.1290927012104538e-200
59,wmc,visibleFieldsQty,0.17460898708536843,0.0
60,wmc,finalFieldsQty,0.4281818318627771,0.0
61,wmc,synchronizedFieldsQty,,
62,wmc,nosi,0.5470752833991858,0.0
63,wmc,loc,0.876905964794269,0.0
64,wmc,returnQty,0.4106385664653461,0.0
65,wmc,loopQty,0.494500407461749,0.0
66,wmc,comparisonsQty,0.4679549097817343,0.0
67,wmc,tryCatchQty,0.4219416677914945,0.0
68,wmc,parenthesizedExpsQty,0.34243449567496675,0.0
69,wmc,stringLiteralsQty,0.5669875321404632,0.0
70,wmc,numbersQty,0.5535002672248397,0.0
71,wmc,assignmentsQty,0.7137123557772834,0.0
72,wmc,mathOperationsQty,0.45535525775330066,0.0
73,wmc,variablesQty,0.6984753907065168,0.0
74,wmc,maxNestedBlocksQty,0.6246303271081528,0.0
75,wmc,anonymousClassesQty,0.1935925221521247,0.0
76,wmc,innerClassesQty,0.20536220707471484,0.0
77,wmc,lambdasQty,0.288389918590731,0.0
78,wmc,uniqueWordsQty,0.783820544219691,0.0
79,wmc,modifiers,0.30810618060993705,0.0
80,wmc,logStatementsQty,0.22916878948663064,0.0
81,dit,rfc,0.2834753007233065,0.0
82,dit,lcom,0.23803164531012203,0.0
83,dit,totalMethodsQty,0.21738287877734763,0.0
84,dit,staticMethodsQty,0.05499883721842031,1.7190834552064722e-57
85,dit,publicMethodsQty,0.15787760386281194,0.0
86,dit,privateMethodsQty,0.08335388239278815,7.507832171228304e-130
87,dit,protectedMethodsQty,0.2571322954493993,0.0
88,dit,defaultMethodsQty,0.008646248124412826,0.012053808395607536
89,dit,abstractMethodsQty,0.21601112532026442,0.0
90,dit,finalMethodsQty,-0.0010681588747390757,0.7564469601895688
91,dit,synchronizedMethodsQty,0.047343244625311504,4.801574426593344e-43
92,dit,totalFieldsQty,0.03452368475282226,1.156817404569342e-23
93,dit,staticFieldsQty,0.03344649345035947,2.622575726319283e-22
94,dit,publicFieldsQty,0.09057312883158736,4.7513812036067527e-153
95,dit,privateFieldsQty,-0.0063680898813254444,0.06445021591945463
96,dit,protectedFieldsQty,0.028998392379723816,3.70988425722383e-17
97,dit,defaultFieldsQty,0.0491894485594316,2.4806996656548873e-46
98,dit,visibleFieldsQty,0.01896883788483134,3.623705541981038e-08
99,dit,finalFieldsQty,0.0551322012278507,9.216036078530193e-58
100,dit,synchronizedFieldsQty,,
101,dit,nosi,0.20498172374579307,0.0
102,dit,loc,0.2853292362782024,0.0
103,dit,returnQty,-0.013381720554527939,0.00010204366472565681
104,dit,loopQty,0.13094918638138708,0.0
105,dit,comparisonsQty,0.06502215843772344,1.1451377753424691e-79
106,dit,tryCatchQty,0.14189484671123911,0.0
107,dit,parenthesizedExpsQty,0.07137431213035077,1.209217705984913e-95
108,dit,stringLiteralsQty,0.2720695565928244,0.0
109,dit,numbersQty,0.19545475609719137,0.0
110,dit,assignmentsQty,0.258815630051686,0.0
111,dit,mathOperationsQty,0.1963150632496275,0.0
112,dit,variablesQty,0.2562973307011228,0.0
113,dit,maxNestedBlocksQty,0.14199759501370238,0.0
114,dit,anonymousClassesQty,0.11098276939182371,3.1391509601488998e-229
115,dit,innerClassesQty,0.2754578564748503,0.0
116,dit,lambdasQty,0.028799085797251576,6.072165634961084e-17
117,dit,uniqueWordsQty,0.37440302398685643,0.0
118,dit,modifiers,0.32597601593336023,0.0
119,dit,logStatementsQty,0.04217936775253348,1.6264976471593327e-34
120,rfc,lcom,0.3813719668418981,0.0
121,rfc,totalMethodsQty,0.628161896167414,0.0
122,rfc,staticMethodsQty,0.33295800085514327,0.0
123,rfc,publicMethodsQty,0.5333621490646675,0.0
124,rfc,privateMethodsQty,0.4198101276521788,0.0
125,rfc,protectedMethodsQty,0.12191791148211664,1.5422467118729208e-276
126,rfc,defaultMethodsQty,0.039287766434815775,3.643716700460243e-30
127,rfc,abstractMethodsQty,0.6127289930180422,0.0
128,rfc,finalMethodsQty,0.018798473578242884,4.7938173722877936e-08
129,rfc,synchronizedMethodsQty,0.07018813180095165,1.5114464745808148e-92
130,rfc,totalFieldsQty,0.40092037679289516,0.0
131,rfc,staticFieldsQty,0.3942997010484087,0.0
132,rfc,publicFieldsQty,0.3928098115717361,0.0
133,rfc,privateFieldsQty,0.13238206922538934,0.0
134,rfc,protectedFieldsQty,0.39638471475039255,0.0
135,rfc,defaultFieldsQty,0.08909405525958608,3.877727535595623e-148
136,rfc,visibleFieldsQty,0.13228852663699922,0.0
137,rfc,finalFieldsQty,0.4098082609503781,0.0
138,rfc,synchronizedFieldsQty,,
139,rfc,nosi,0.7448224797483711,0.0
140,rfc,loc,0.81943030652262,0.0
141,rfc,returnQty,0.081937447999579,1.5799210138699298e-125
142,rfc,loopQty,0.4635075572458026,0.0
143,rfc,comparisonsQty,0.34808965540426584,0.0
144,rfc,tryCatchQty,0.41850093908864144,0.0
145,rfc,parenthesizedExpsQty,0.2991771331138049,0.0
146,rfc,stringLiteralsQty,0.7004714770388151,0.0
147,rfc,numbersQty,0.6621999768925066,0.0
148,rfc,assignmentsQty,0.7994228972809699,0.0
149,rfc,mathOperationsQty,0.5042909658534075,0.0
150,rfc,variablesQty,0.7943112047037033,0.0
151,rfc,maxNestedBlocksQty,0.5609462863708623,0.0
152,rfc,anonymousClassesQty,0.22758176990297316,0.0
153,rfc,innerClassesQty,0.2527033177990667,0.0
154,rfc,lambdasQty,0.36574274929157063,0.0
155,rfc,uniqueWordsQty,0.8069336178004878,0.0
156,rfc,modifiers,0.1718672460918055,0.0
157,rfc,logStatementsQty,0.2532088593011727,0.0
158,lcom,totalMethodsQty,0.7185810975517297,0.0
159,lcom,staticMethodsQty,0.32656189347379705,0.0
160,lcom,publicMethodsQty,0.572271180084454,0.0
161,lcom,privateMethodsQty,0.3655935064194432,0.0
162,lcom,protectedMethodsQty,0.10515366738776832,7.214252447195877e-206
163,lcom,defaultMethodsQty,0.09890304727902496,3.029995650029337e-182
164,lcom,abstractMethodsQty,0.6927519397289822,0.0
165,lcom,finalMethodsQty,0.0802016150382761,2.4806347308935765e-120
166,lcom,synchronizedMethodsQty,0.08389951744081173,1.549519450545349e-131
167,lcom,totalFieldsQty,0.1614696722813067,0.0
168,lcom,staticFieldsQty,0.14780953588522905,0.0
169,lcom,publicFieldsQty,0.1820000172523319,0.0
170,lcom,privateFieldsQty,0.020001430939948408,6.315497192252894e-09
171,lcom,protectedFieldsQty,0.1523964070437643,0.0
172,lcom,defaultFieldsQty,0.06082556266881085,6.235895283167726e-70
173,lcom,visibleFieldsQty,0.027161653152630555,3.0683980984724555e-15
174,lcom,finalFieldsQty,0.14554595094675313,0.0
175,lcom,synchronizedFieldsQty,,
176,lcom,nosi,0.34230476941248045,0.0
177,lcom,loc,0.5644148417377598,0.0
178,lcom,returnQty,0.34140385589007344,0.0
179,lcom,loopQty,0.2807301304854476,0.0
180,lcom,comparisonsQty,0.2223869221952837,0.0
181,lcom,tryCatchQty,0.2374119316745802,0.0
182,lcom,parenthesizedExpsQty,0.1980032385920157,0.0
183,lcom,stringLiteralsQty,0.3613059699182614,0.0
184,lcom,numbersQty,0.31396834945503543,0.0
185,lcom,assignmentsQty,0.3971362827939857,0.0
186,lcom,mathOperationsQty,0.23706751486604713,0.0
187,lcom,variablesQty,0.3961109514557196,0.0
188,lcom,maxNestedBlocksQty,0.2973306413754805,0.0
189,lcom,anonymousClassesQty,0.1551444722384278,0.0
190,lcom,innerClassesQty,0.16606659546563526,0.0
191,lcom,lambdasQty,0.18805012743788785,0.0
192,lcom,uniqueWordsQty,0.5198760937358593,0.0
193,lcom,modifiers,0.262463183527153,0.0
194,lcom,logStatementsQty,0.08810880095633856,6.531028096512459e-145
195,totalMethodsQty,staticMethodsQty,0.3715202500693269,0.0
196,totalMethodsQty,publicMethodsQty,0.8373634335518094,0.0
197,totalMethodsQty,privateMethodsQty,0.45832411722812255,0.0
198,totalMethodsQty,protectedMethodsQty,0.11025704555998804,2.988819397715167e-226
199,totalMethodsQty,defaultMethodsQty,0.15033922353166304,0.0
200,totalMethodsQty,abstractMethodsQty,0.9746519174309375,0.0
201,totalMethodsQty,finalMethodsQty,0.07144717944142984,7.772499069815415e-96
202,totalMethodsQty,synchronizedMethodsQty,0.09247331604057506,1.7631251929045175e-159
203,totalMethodsQty,totalFieldsQty,0.5173711988709537,0.0
204,totalMethodsQty,staticFieldsQty,0.5372854857210648,0.0
205,totalMethodsQty,publicFieldsQty,0.3573682767084074,0.0
206,totalMethodsQty,privateFieldsQty,0.1059592905855763,5.082892797604932e-209
207,totalMethodsQty,protectedFieldsQty,0.5382335996008959,0.0
208,totalMethodsQty,defaultFieldsQty,0.10345756732484934,2.595027156367447e-199
209,totalMethodsQty,visibleFieldsQty,0.1606784979669659,0.0
210,totalMethodsQty,finalFieldsQty,0.4243937456528263,0.0
211,totalMethodsQty,synchronizedFieldsQty,,
212,totalMethodsQty,nosi,0.527792875456981,0.0
213,totalMethodsQty,loc,0.8388994604851248,0.0
214,totalMethodsQty,returnQty,0.4114159045385429,0.0
215,totalMethodsQty,loopQty,0.37079964784280994,0.0
216,totalMethodsQty,comparisonsQty,0.33906959831033384,0.0
217,totalMethodsQty,tryCatchQty,0.3233453706004897,0.0
218,totalMethodsQty,parenthesizedExpsQty,0.2927101198599015,0.0
219,totalMethodsQty,stringLiteralsQty,0.5518745597056857,0.0
220,totalMethodsQty,numbersQty,0.4900917399539462,0.0
221,totalMethodsQty,assignmentsQty,0.6733632017496857,0.0
222,totalMethodsQty,mathOperationsQty,0.39063367704242324,0.0
223,totalMethodsQty,variablesQty,0.6676034696870053,0.0
224,totalMethodsQty,maxNestedBlocksQty,0.43614618113910386,0.0
225,totalMethodsQty,anonymousClassesQty,0.19687390429456597,0.0
226,totalMethodsQty,innerClassesQty,0.20703184414509962,0.0
227,totalMethodsQty,lambdasQty,0.29306428832878306,0.0
228,totalMethodsQty,uniqueWordsQty,0.7699770397867423,0.0
229,totalMethodsQty,modifiers,0.34952258344515097,0.0
230,totalMethodsQty,logStatementsQty,0.19001794869007835,0.0
231,staticMethodsQty,publicMethodsQty,0.2648498041032482,0.0
232,staticMethodsQty,privateMethodsQty,0.5315041100157802,0.0
233,staticMethodsQty,protectedMethodsQty,-0.0003098315131655371,0.928317053462165
234,staticMethodsQty,defaultMethodsQty,0.08642396857839936,1.7706066806187164e-139
235,staticMethodsQty,abstractMethodsQty,0.30331103379307195,0.0
236,staticMethodsQty,finalMethodsQty,0.024405429420792595,1.3665697853183232e-12
237,staticMethodsQty,synchronizedMethodsQty,0.058662421345515865,3.625750423507204e-65
238,staticMethodsQty,totalFieldsQty,0.29383854624021344,0.0
239,staticMethodsQty,staticFieldsQty,0.26042099413230707,0.0
240,staticMethodsQty,publicFieldsQty,0.38072655784722065,0.0
241,staticMethodsQty,privateFieldsQty,0.17280198919182596,0.0
242,staticMethodsQty,protectedFieldsQty,0.25546901387681253,0.0
243,staticMethodsQty,defaultFieldsQty,0.07230829633996454,4.0487897589051354e-98
244,staticMethodsQty,visibleFieldsQty,0.04814628592305379,1.8496581492566762e-44
245,staticMethodsQty,finalFieldsQty,0.2819458463858279,0.0
246,staticMethodsQty,synchronizedFieldsQty,,
247,staticMethodsQty,nosi,0.356676441256525,0.0
248,staticMethodsQty,loc,0.36590485977910603,0.0
249,staticMethodsQty,returnQty,0.28830754663147223,0.0
250,staticMethodsQty,loopQty,0.34028980053024277,0.0
251,staticMethodsQty,comparisonsQty,0.2924422738089763,0.0
252,staticMethodsQty,tryCatchQty,0.26795829666825505,0.0
253,staticMethodsQty,parenthesizedExpsQty,0.23174490746398316,0.0
254,staticMethodsQty,stringLiteralsQty,0.30647379002977393,0.0
255,staticMethodsQty,numbersQty,0.3055977574899361,0.0
256,staticMethodsQty,assignmentsQty,0.3340617199209187,0.0
257,staticMethodsQty,mathOperationsQty,0.2901788915170061,0.0
258,staticMethodsQty,variablesQty,0.3411936438616183,0.0
259,staticMethodsQty,maxNestedBlocksQty,0.34689240036479074,0.0
260,staticMethodsQty,anonymousClassesQty,0.1571154834400622,0.0
261,staticMethodsQty,innerClassesQty,0.19775829938354605,0.0
262,staticMethodsQty,lambdasQty,0.19084467578685502,0.0
263,staticMethodsQty,uniqueWordsQty,0.37583216025729066,0.0
264,staticMethodsQty,modifiers,0.19700711469822152,0.0
265,staticMethodsQty,logStatementsQty,0.1308245494870521,0.0
266,publicMethodsQty,privateMethodsQty,0.2973063027772308,0.0
267,publicMethodsQty,protectedMethodsQty,-0.13376397427733797,0.0
268,publicMethodsQty,defaultMethodsQty,-0.19510453314935222,0.0
269,publicMethodsQty,abstractMethodsQty,0.8462634461870644,0.0
270,publicMethodsQty,finalMethodsQty,0.024208383434396515,2.0629908081035843e-12
271,publicMethodsQty,synchronizedMethodsQty,0.06499510045893374,1.3295864800616069e-79
272,publicMethodsQty,totalFieldsQty,0.44607489342651047,0.0
273,publicMethodsQty,staticFieldsQty,0.45429125734740744,0.0
274,publicMethodsQty,publicFieldsQty,0.285423785143627,0.0
275,publicMethodsQty,privateFieldsQty,0.10980301047411804,2.132530980643371e-224
276,publicMethodsQty,protectedFieldsQty,0.47089713068575656,0.0
277,publicMethodsQty,defaultFieldsQty,0.07019743770417998,1.4298810297158568e-92
278,publicMethodsQty,visibleFieldsQty,0.09721159533039897,4.176423745539486e-176
279,publicMethodsQty,finalFieldsQty,0.34015564897304923,0.0
280,publicMethodsQty,synchronizedFieldsQty,,
281,publicMethodsQty,nosi,0.4480909126378543,0.0
282,publicMethodsQty,loc,0.7206405610649694,0.0
283,publicMethodsQty,returnQty,0.3064255715435354,0.0
284,publicMethodsQty,loopQty,0.2892858758944612,0.0
285,publicMethodsQty,comparisonsQty,0.2789320451092526,0.0
286,publicMethodsQty,tryCatchQty,0.2824194790121917,0.0
287,publicMethodsQty,parenthesizedExpsQty,0.24599850050278138,0.0
288,publicMethodsQty,stringLiteralsQty,0.48251387380516564,0.0
289,publicMethodsQty,numbersQty,0.43590632610494295,0.0
290,publicMethodsQty,assignmentsQty,0.5832528773873289,0.0
291,publicMethodsQty,mathOperationsQty,0.33941806864371454,0.0
292,publicMethodsQty,variablesQty,0.5722304516263013,0.0
293,publicMethodsQty,maxNestedBlocksQty,0.34986242898273695,0.0
294,publicMethodsQty,anonymousClassesQty,0.15109230041689387,0.0
295,publicMethodsQty,innerClassesQty,0.17674161071365152,0.0
296,publicMethodsQty,lambdasQty,0.20388687429493757,0.0
297,publicMethodsQty,uniqueWordsQty,0.6366628701765983,0.0
298,publicMethodsQty,modifiers,0.2501045538519661,0.0
299,publicMethodsQty,logStatementsQty,0.17248818488390472,0.0
300,privateMethodsQty,protectedMethodsQty,0.012606486274821117,0.0002516690581128122
301,privateMethodsQty,defaultMethodsQty,0.05198230299089871,1.529699939339374e-51
302,privateMethodsQty,abstractMethodsQty,0.3351781544298167,0.0
303,privateMethodsQty,finalMethodsQty,0.024324549508133158,1.6188944591739313e-12
304,privateMethodsQty,synchronizedMethodsQty,0.06741622350784142,1.6330048507323438e-85
305,privateMethodsQty,totalFieldsQty,0.35866798409673845,0.0
306,privateMethodsQty,staticFieldsQty,0.33833627636382974,0.0
307,privateMethodsQty,publicFieldsQty,0.360851027969483,0.0
308,privateMethodsQty,privateFieldsQty,0.1366723412297342,0.0
309,privateMethodsQty,protectedFieldsQty,0.3513704398320949,0.0
310,privateMethodsQty,defaultFieldsQty,0.0691028909783888,9.269422922127013e-90
311,privateMethodsQty,visibleFieldsQty,0.05115900960122604,5.626180967085074e-50
312,privateMethodsQty,finalFieldsQty,0.3579682631824707,0.0
313,privateMethodsQty,synchronizedFieldsQty,,
314,privateMethodsQty,nosi,0.39906096160774945,0.0
315,privateMethodsQty,loc,0.4465533655544893,0.0
316,privateMethodsQty,returnQty,0.3407502465741488,0.0
317,privateMethodsQty,loopQty,0.40513992354465,0.0
318,privateMethodsQty,comparisonsQty,0.3420967266268639,0.0
319,privateMethodsQty,tryCatchQty,0.32308336856948283,0.0
320,privateMethodsQty,parenthesizedExpsQty,0.2786903200177552,0.0
321,privateMethodsQty,stringLiteralsQty,0.38152069347663775,0.0
322,privateMethodsQty,numbersQty,0.3613389471650562,0.0
323,privateMethodsQty,assignmentsQty,0.4239597625738411,0.0
324,privateMethodsQty,mathOperationsQty,0.3634528823612266,0.0
325,privateMethodsQty,variablesQty,0.43083725771129505,0.0
326,privateMethodsQty,maxNestedBlocksQty,0.4109065372104476,0.0
327,privateMethodsQty,anonymousClassesQty,0.179868752030623,0.0
328,privateMethodsQty,innerClassesQty,0.198342333499524,0.0
329,privateMethodsQty,lambdasQty,0.2885909090132225,0.0
330,privateMethodsQty,uniqueWordsQty,0.45182281353992626,0.0
331,privateMethodsQty,modifiers,0.20480242265851467,0.0
332,privateMethodsQty,logStatementsQty,0.15639163114068744,0.0
333,protectedMethodsQty,defaultMethodsQty,-0.009598728617063039,0.0053174853841878025
334,protectedMethodsQty,abstractMethodsQty,0.11869718589350356,3.941223379715625e-262
335,protectedMethodsQty,finalMethodsQty,0.14869753278385872,0.0
336,protectedMethodsQty,synchronizedMethodsQty,0.09573062842571765,8.087138861145781e-171
337,protectedMethodsQty,totalFieldsQty,0.031686439370205065,3.4886583203243726e-20
338,protectedMethodsQty,staticFieldsQty,0.03813035502002562,1.649031373763321e-28
339,protectedMethodsQty,publicFieldsQty,0.05005618747681664,6.432247501336855e-48
340,protectedMethodsQty,privateFieldsQty,-0.006749899941090284,0.05000534289783268
341,protectedMethodsQty,protectedFieldsQty,0.026198361527476413,2.7784789388794662e-14
342,protectedMethodsQty,defaultFieldsQty,0.1500041595144675,0.0
343,protectedMethodsQty,visibleFieldsQty,0.00937165092921476,0.006504433584995347
344,protectedMethodsQty,finalFieldsQty,0.0456343361751621,4.095983777714423e-40
345,protectedMethodsQty,synchronizedFieldsQty,,
346,protectedMethodsQty,nosi,0.05331873136170751,3.891807138088852e-54
347,protectedMethodsQty,loc,0.08644480330652553,1.5190913743814797e-139
348,protectedMethodsQty,returnQty,0.13001670348838634,0.0
349,protectedMethodsQty,loopQty,0.07043233853560034,3.5162616231105785e-93
350,protectedMethodsQty,comparisonsQty,0.05067559985234377,4.548621274200043e-49
351,protectedMethodsQty,tryCatchQty,0.07089956283740123,2.1293458125807122e-94
352,protectedMethodsQty,parenthesizedExpsQty,0.043481028581954226,1.422885521195771e-36
353,protectedMethodsQty,stringLiteralsQty,0.010799580873078682,0.001713569687064494
354,protectedMethodsQty,numbersQty,0.04466760423046367,1.6711608895767303e-38
355,protectedMethodsQty,assignmentsQty,0.039058087926148226,7.834124439189514e-30
356,protectedMethodsQty,mathOperationsQty,0.029390090941688193,1.3951593282829466e-17
357,protectedMethodsQty,variablesQty,0.04114333196096829,6.383472279666457e-33
358,protectedMethodsQty,maxNestedBlocksQty,0.08575645054766302,2.351431071902932e-137
359,protectedMethodsQty,anonymousClassesQty,0.040349111739070846,1.000666814100161e-31
360,protectedMethodsQty,innerClassesQty,0.029353474422940326,1.5295523719200114e-17
361,protectedMethodsQty,lambdasQty,0.027797776922914637,6.864681004172965e-16
362,protectedMethodsQty,uniqueWordsQty,0.11422927597886931,8.44926000542367e-243
363,protectedMethodsQty,modifiers,0.06789355782042061,1.052105052027533e-86
364,protectedMethodsQty,logStatementsQty,0.045780096081756476,2.325621040340946e-40
365,defaultMethodsQty,abstractMethodsQty,0.15331733231515518,0.0
366,defaultMethodsQty,finalMethodsQty,0.07816294774484013,2.257438717049697e-114
367,defaultMethodsQty,synchronizedMethodsQty,0.031380546127303226,7.948977619248113e-20
368,defaultMethodsQty,totalFieldsQty,0.0621064891254307,7.800987428693388e-73
369,defaultMethodsQty,staticFieldsQty,0.11058759863146607,1.3220389207013726e-227
370,defaultMethodsQty,publicFieldsQty,0.05384695524854093,3.520311238495642e-55
371,defaultMethodsQty,privateFieldsQty,-0.028784962409389474,6.287129805816459e-17
372,defaultMethodsQty,protectedFieldsQty,0.05979576864083923,1.2151604582797796e-67
373,defaultMethodsQty,defaultFieldsQty,0.01672835257320997,1.1883396831463743e-06
374,defaultMethodsQty,visibleFieldsQty,0.17663812775125604,0.0
375,defaultMethodsQty,finalFieldsQty,0.13363799646478572,0.0
376,defaultMethodsQty,synchronizedFieldsQty,,
377,defaultMethodsQty,nosi,0.03667797433082358,1.6815779052236798e-26
378,defaultMethodsQty,loc,0.08155157119172425,2.3088942562100074e-124
379,defaultMethodsQty,returnQty,0.11839105746883069,8.799038405698106e-261
380,defaultMethodsQty,loopQty,0.08030224527088536,1.2485608522594757e-120
381,defaultMethodsQty,comparisonsQty,0.06302821918514803,5.833103050724526e-75
382,defaultMethodsQty,tryCatchQty,0.035799634375352496,2.5295736641636616e-25
383,defaultMethodsQty,parenthesizedExpsQty,0.04797985892350009,3.648723648698584e-44
384,defaultMethodsQty,stringLiteralsQty,0.02318396832604997,1.6667527712286136e-11
385,defaultMethodsQty,numbersQty,-0.007591251571211776,0.027508739054037168
386,defaultMethodsQty,assignmentsQty,0.07452861097391274,3.9193759169896644e-104
387,defaultMethodsQty,mathOperationsQty,0.034850752151334596,4.398938113395372e-24
388,defaultMethodsQty,variablesQty,0.0757789578106219,1.3360835293593994e-107
389,defaultMethodsQty,maxNestedBlocksQty,0.07367101263758215,8.667023610351545e-102
390,defaultMethodsQty,anonymousClassesQty,0.06925767592686699,3.7335773123630103e-90
391,defaultMethodsQty,innerClassesQty,0.03714424649373461,3.884157350332796e-27
392,defaultMethodsQty,lambdasQty,0.0799665860917468,1.2287130781709987e-119
393,defaultMethodsQty,uniqueWordsQty,0.09815492120777429,1.6223852006712236e-179
394,defaultMethodsQty,modifiers,0.13298975638523572,0.0
395,defaultMethodsQty,logStatementsQty,0.008611083977881311,0.012406914705994173
396,abstractMethodsQty,finalMethodsQty,0.074302928804429,1.6325830900747402e-103
397,abstractMethodsQty,synchronizedMethodsQty,0.09043797750098338,1.3459761370514102e-152
398,abstractMethodsQty,totalFieldsQty,0.49793234332517566,0.0
399,abstractMethodsQty,staticFieldsQty,0.5207399478930232,0.0
400,abstractMethodsQty,publicFieldsQty,0.33833503717647256,0.0
401,abstractMethodsQty,privateFieldsQty,0.09927340831902397,1.326747913866855e-183
402,abstractMethodsQty,protectedFieldsQty,0.5194972004380359,0.0
403,abstractMethodsQty,defaultFieldsQty,0.10390495564464604,4.959107105501452e-201
404,abstractMethodsQty,visibleFieldsQty,0.1629605598067719,0.0
405,abstractMethodsQty,finalFieldsQty,0.4036026660969443,0.0
406,abstractMethodsQty,synchronizedFieldsQty,,
407,abstractMethodsQty,nosi,0.5068592418336662,0.0
408,abstractMethodsQty,loc,0.8210797053455314,0.0
409,abstractMethodsQty,returnQty,0.37867762166154323,0.0
410,abstractMethodsQty,loopQty,0.3361660376152354,0.0
411,abstractMethodsQty,comparisonsQty,0.3040546820312763,0.0
412,abstractMethodsQty,tryCatchQty,0.3041018394053417,0.0
413,abstractMethodsQty,parenthesizedExpsQty,0.27029101691252216,0.0
414,abstractMethodsQty,stringLiteralsQty,0.5301827829587921,0.0
415,abstractMethodsQty,numbersQty,0.4706577010429063,0.0
416,abstractMethodsQty,assignmentsQty,0.6579174491142072,0.0
417,abstractMethodsQty,mathOperationsQty,0.3632612640606564,0.0
418,abstractMethodsQty,variablesQty,0.6410574544963967,0.0
419,abstractMethodsQty,maxNestedBlocksQty,0.39779472693683976,0.0
420,abstractMethodsQty,anonymousClassesQty,0.19011623083838888,0.0
421,abstractMethodsQty,innerClassesQty,0.19759417687574152,0.0
422,abstractMethodsQty,lambdasQty,0.2733505622875742,0.0
423,abstractMethodsQty,uniqueWordsQty,0.7412438350227885,0.0
424,abstractMethodsQty,modifiers,0.3154248001311613,0.0
425,abstractMethodsQty,logStatementsQty,0.1830957484520653,0.0
426,finalMethodsQty,synchronizedMethodsQty,0.15622430735499088,0.0
427,finalMethodsQty,totalFieldsQty,0.017526654479435924,3.591654312473803e-07
428,finalMethodsQty,staticFieldsQty,0.034165297332333124,3.303101432371015e-23
429,finalMethodsQty,publicFieldsQty,0.02582590185032936,6.379807480830789e-14
430,finalMethodsQty,privateFieldsQty,-0.0024812451183442922,0.47124575487534703
431,finalMethodsQty,protectedFieldsQty,0.008077256783595175,0.019009503195639894
432,finalMethodsQty,defaultFieldsQty,0.1529611584928078,0.0
433,finalMethodsQty,visibleFieldsQty,0.013388264834445995,0.00010124825145312818
434,finalMethodsQty,finalFieldsQty,0.035791895479716083,2.589975355381555e-25
435,finalMethodsQty,synchronizedFieldsQty,,
436,finalMethodsQty,nosi,0.013047241224880844,0.00015152998329765594
437,finalMethodsQty,loc,0.05517093006687786,7.687675191211238e-58
438,finalMethodsQty,returnQty,0.04137935554142739,2.7888043105618855e-33
439,finalMethodsQty,loopQty,0.059679520344542436,2.1910514873839897e-67
440,finalMethodsQty,comparisonsQty,0.03187535220554163,2.0896932512950883e-20
441,finalMethodsQty,tryCatchQty,0.045012125309065634,4.497201876674963e-39
442,finalMethodsQty,parenthesizedExpsQty,0.025793039298873905,6.861492917081907e-14
443,finalMethodsQty,stringLiteralsQty,0.0013296434178786088,0.6994415317665088
444,finalMethodsQty,numbersQty,0.011167302987363459,0.0011843151602231813
445,finalMethodsQty,assignmentsQty,0.02765760866309813,9.575638565775664e-16
446,finalMethodsQty,mathOperationsQty,0.018881804157838643,4.181837986391019e-08
447,finalMethodsQty,variablesQty,0.027342472305476106,2.011658494822906e-15
448,finalMethodsQty,maxNestedBlocksQty,0.053541441199549615,1.417139055227522e-54
449,finalMethodsQty,anonymousClassesQty,0.06157525402623566,1.2686761106288727e-71
450,finalMethodsQty,innerClassesQty,0.01938320408355268,1.8165548356969006e-08
451,finalMethodsQty,lambdasQty,0.009601677728119021,0.005303449438515115
452,finalMethodsQty,uniqueWordsQty,0.059895797667584495,7.310314606542939e-68
453,finalMethodsQty,modifiers,0.1442195941447485,0.0
454,finalMethodsQty,logStatementsQty,0.012222185629286397,0.00038675976059805587
455,synchronizedMethodsQty,totalFieldsQty,0.053022692411945536,1.4808960272012001e-53
456,synchronizedMethodsQty,staticFieldsQty,0.06110621556760719,1.4590966590738556e-70
457,synchronizedMethodsQty,publicFieldsQty,0.041878821144522266,4.7604286009333745e-34
458,synchronizedMethodsQty,privateFieldsQty,0.015699282126793043,5.146808301785481e-06
459,synchronizedMethodsQty,protectedFieldsQty,0.04961291373813538,4.19797753490152e-47
460,synchronizedMethodsQty,defaultFieldsQty,0.08928425572368882,9.152595257827302e-149
461,synchronizedMethodsQty,visibleFieldsQty,0.02015386247138523,4.8436946059520224e-09
462,synchronizedMethodsQty,finalFieldsQty,0.060920232325660295,3.823294289262745e-70
463,synchronizedMethodsQty,synchronizedFieldsQty,,
464,synchronizedMethodsQty,nosi,0.04915052995718845,2.9184468613985173e-46
465,synchronizedMethodsQty,loc,0.08057295941131151,1.9608708919691704e-121
466,synchronizedMethodsQty,returnQty,0.07527831314503813,3.320204271048618e-106
467,synchronizedMethodsQty,loopQty,0.06792195227234675,8.932032834035386e-87
468,synchronizedMethodsQty,comparisonsQty,0.06617861257883785,1.8259435269843458e-82
469,synchronizedMethodsQty,tryCatchQty,0.06644960750217739,3.970237303758249e-83
470,synchronizedMethodsQty,parenthesizedExpsQty,0.04833248593346941,8.625474184346025e-45
471,synchronizedMethodsQty,stringLiteralsQty,0.051536169240794814,1.0866350176971542e-50
472,synchronizedMethodsQty,numbersQty,0.04460779920556659,2.0966901999677807e-38
473,synchronizedMethodsQty,assignmentsQty,0.07016881012168415,1.6959229044431918e-92
474,synchronizedMethodsQty,mathOperationsQty,0.04253341581144289,4.545671517152725e-35
475,synchronizedMethodsQty,variablesQty,0.06735510357399514,2.3166998999678038e-85
476,synchronizedMethodsQty,maxNestedBlocksQty,0.07580290310460769,1.1451514962516253e-107
477,synchronizedMethodsQty,anonymousClassesQty,0.030319381204355515,1.3022722001469402e-18
478,synchronizedMethodsQty,innerClassesQty,0.03454179975799804,1.0967536839630294e-23
479,synchronizedMethodsQty,lambdasQty,0.020665714975429912,1.9595805210045656e-09
480,synchronizedMethodsQty,uniqueWordsQty,0.08489055669495445,1.2610014926795989e-134
481,synchronizedMethodsQty,modifiers,0.07631592148109416,4.15835943186016e-109
482,synchronizedMethodsQty,logStatementsQty,0.01094231529086691,0.001486543665314637
483,totalFieldsQty,staticFieldsQty,0.9140882330974983,0.0
484,totalFieldsQty,publicFieldsQty,0.6632133313630743,0.0
485,totalFieldsQty,privateFieldsQty,0.43064657092597297,0.0
486,totalFieldsQty,protectedFieldsQty,0.9093247568404367,0.0
487,totalFieldsQty,defaultFieldsQty,0.09458620109913825,8.647247766781922e-167
488,totalFieldsQty,visibleFieldsQty,0.09789699479618963,1.3996805501827837e-178
489,totalFieldsQty,finalFieldsQty,0.7274991053376005,0.0
490,totalFieldsQty,synchronizedFieldsQty,,
491,totalFieldsQty,nosi,0.35601599563304653,0.0
492,totalFieldsQty,loc,0.5242110213745353,0.0
493,totalFieldsQty,returnQty,0.24719406228159377,0.0
494,totalFieldsQty,loopQty,0.27636807649776646,0.0
495,totalFieldsQty,comparisonsQty,0.29713823864520744,0.0
496,totalFieldsQty,tryCatchQty,0.21650140260766565,0.0
497,totalFieldsQty,parenthesizedExpsQty,0.22693925863991898,0.0
498,totalFieldsQty,stringLiteralsQty,0.3730458195633334,0.0
499,totalFieldsQty,numbersQty,0.3385860620319641,0.0
500,totalFieldsQty,assignmentsQty,0.563739556434858,0.0
501,totalFieldsQty,mathOperationsQty,0.3127340159064096,0.0
502,totalFieldsQty,variablesQty,0.5968001163318427,0.0
503,totalFieldsQty,maxNestedBlocksQty,0.3201548659516744,0.0
504,totalFieldsQty,anonymousClassesQty,0.11269467637326448,2.461357701699536e-236
505,totalFieldsQty,innerClassesQty,0.1520164403893097,0.0
506,totalFieldsQty,lambdasQty,0.20921050676619282,0.0
507,totalFieldsQty,uniqueWordsQty,0.5272047806942004,0.0
508,totalFieldsQty,modifiers,0.3576242531256682,0.0
509,totalFieldsQty,logStatementsQty,0.2501281259049621,0.0
510,staticFieldsQty,publicFieldsQty,0.5775688980716885,0.0
511,staticFieldsQty,privateFieldsQty,0.38541337380610036,0.0
512,staticFieldsQty,protectedFieldsQty,0.8362032301112857,0.0
513,staticFieldsQty,defaultFieldsQty,0.16892411986050718,0.0
514,staticFieldsQty,visibleFieldsQty,0.39017579833176985,0.0
515,staticFieldsQty,finalFieldsQty,0.7100305021091806,0.0
516,staticFieldsQty,synchronizedFieldsQty,,
517,staticFieldsQty,nosi,0.3381566299800858,0.0
518,staticFieldsQty,loc,0.5441592221412317,0.0
519,staticFieldsQty,returnQty,0.2567659094568537,0.0
520,staticFieldsQty,loopQty,0.27822954955731644,0.0
521,staticFieldsQty,comparisonsQty,0.31139294594354755,0.0
522,staticFieldsQty,tryCatchQty,0.21199702761888833,0.0
523,staticFieldsQty,parenthesizedExpsQty,0.23308552389984344,0.0
524,staticFieldsQty,stringLiteralsQty,0.36013642699174536,0.0
525,staticFieldsQty,numbersQty,0.33826053846527215,0.0
526,staticFieldsQty,assignmentsQty,0.5869363068632563,0.0
527,staticFieldsQty,mathOperationsQty,0.3134569550147069,0.0
528,staticFieldsQty,variablesQty,0.6283517972040882,0.0
529,staticFieldsQty,maxNestedBlocksQty,0.33695022694042576,0.0
530,staticFieldsQty,anonymousClassesQty,0.11235154397936417,6.673295103208457e-235
531,staticFieldsQty,innerClassesQty,0.1446770317180251,0.0
532,staticFieldsQty,lambdasQty,0.19929951214459202,0.0
533,staticFieldsQty,uniqueWordsQty,0.531303867580788,0.0
534,staticFieldsQty,modifiers,0.39510427718228036,0.0
535,staticFieldsQty,logStatementsQty,0.24221172699400548,0.0
536,publicFieldsQty,privateFieldsQty,0.41131292898047084,0.0
537,publicFieldsQty,protectedFieldsQty,0.5121462081590015,0.0
538,publicFieldsQty,defaultFieldsQty,0.1415842397976918,0.0
539,publicFieldsQty,visibleFieldsQty,0.1552279645981422,0.0
540,publicFieldsQty,finalFieldsQty,0.6962403804351176,0.0
541,publicFieldsQty,synchronizedFieldsQty,,
542,publicFieldsQty,nosi,0.3607840497485381,0.0
543,publicFieldsQty,loc,0.3999581288172679,0.0
544,publicFieldsQty,returnQty,0.1618970248434771,0.0
545,publicFieldsQty,loopQty,0.32189091665599484,0.0
546,publicFieldsQty,comparisonsQty,0.2674899042084911,0.0
547,publicFieldsQty,tryCatchQty,0.2654104733039233,0.0
548,publicFieldsQty,parenthesizedExpsQty,0.22937933688355489,0.0
549,publicFieldsQty,stringLiteralsQty,0.3451997949647303,0.0
550,publicFieldsQty,numbersQty,0.3405301880475964,0.0
551,publicFieldsQty,assignmentsQty,0.43966058483827136,0.0
552,publicFieldsQty,mathOperationsQty,0.3307758615691666,0.0
553,publicFieldsQty,variablesQty,0.44450218037549605,0.0
554,publicFieldsQty,maxNestedBlocksQty,0.3173760455744631,0.0
555,publicFieldsQty,anonymousClassesQty,0.1521498299822289,0.0
556,publicFieldsQty,innerClassesQty,0.20384886209976788,0.0
557,publicFieldsQty,lambdasQty,0.2120217832419152,0.0
558,publicFieldsQty,uniqueWordsQty,0.44855162199633974,0.0
559,publicFieldsQty,modifiers,0.1620353298147688,0.0
560,publicFieldsQty,logStatementsQty,0.2722290827710374,0.0
561,privateFieldsQty,protectedFieldsQty,0.15931608794966426,0.0
562,privateFieldsQty,defaultFieldsQty,0.07528991299447008,3.082766679531685e-106
563,privateFieldsQty,visibleFieldsQty,0.010594536795245243,0.0020958109494550346
564,privateFieldsQty,finalFieldsQty,0.33765551149635803,0.0
565,privateFieldsQty,synchronizedFieldsQty,,
566,privateFieldsQty,nosi,0.13585329957528822,0.0
567,privateFieldsQty,loc,0.14805515904259015,0.0
568,privateFieldsQty,returnQty,0.028902488514947602,4.7044199191175236e-17
569,privateFieldsQty,loopQty,0.12338651800251867,3.0680036357202283e-283
570,privateFieldsQty,comparisonsQty,0.11094326346593412,4.5653726948161434e-229
571,privateFieldsQty,tryCatchQty,0.10847393693657727,5.120454462327048e-219
572,privateFieldsQty,parenthesizedExpsQty,0.09153490601021781,2.747474124171107e-156
573,privateFieldsQty,stringLiteralsQty,0.11717756138030257,1.8027308485730514e-255
574,privateFieldsQty,numbersQty,0.11800761792327509,4.254297948798493e-259
575,privateFieldsQty,assignmentsQty,0.19183644003402572,0.0
576,privateFieldsQty,mathOperationsQty,0.12105677203869497,1.1999836311982574e-272
577,privateFieldsQty,variablesQty,0.23939424836270068,0.0
578,privateFieldsQty,maxNestedBlocksQty,0.11589333670522933,6.544242331048477e-250
579,privateFieldsQty,anonymousClassesQty,0.043931416731254454,2.6706234331893557e-37
580,privateFieldsQty,innerClassesQty,0.10390864203240884,4.799655061636563e-201
581,privateFieldsQty,lambdasQty,0.08079084463234765,4.399411575536983e-122
582,privateFieldsQty,uniqueWordsQty,0.18707595012232453,0.0
583,privateFieldsQty,modifiers,0.17597824389798114,0.0
584,privateFieldsQty,logStatementsQty,0.14708107124318745,0.0
585,protectedFieldsQty,defaultFieldsQty,0.04545533314536933,8.187962775909289e-40
586,protectedFieldsQty,visibleFieldsQty,0.031176685198423097,1.3701885695512922e-19
587,protectedFieldsQty,finalFieldsQty,0.6601766452107325,0.0
588,protectedFieldsQty,synchronizedFieldsQty,,
589,protectedFieldsQty,nosi,0.34163349341839927,0.0
590,protectedFieldsQty,loc,0.5210352398616436,0.0
591,protectedFieldsQty,returnQty,0.2676148833143299,0.0
592,protectedFieldsQty,loopQty,0.255879578836228,0.0
593,protectedFieldsQty,comparisonsQty,0.29026274642546496,0.0
594,protectedFieldsQty,tryCatchQty,0.19965733586988327,0.0
595,protectedFieldsQty,parenthesizedExpsQty,0.21603753149485885,0.0
596,protectedFieldsQty,stringLiteralsQty,0.3609480493549084,0.0
597,protectedFieldsQty,numbersQty,0.32979313468385524,0.0
598,protectedFieldsQty,assignmentsQty,0.5404130025185189,0.0
599,protectedFieldsQty,mathOperationsQty,0.2982655249818205,0.0
600,protectedFieldsQty,variablesQty,0.5534135151970055,0.0
601,protectedFieldsQty,maxNestedBlocksQty,0.3084130333122156,0.0
602,protectedFieldsQty,anonymousClassesQty,0.10118355889227994,1.0799541213449721e-190
603,protectedFieldsQty,innerClassesQty,0.13113081654239975,0.0
604,protectedFieldsQty,lambdasQty,0.20140369029008798,0.0
605,protectedFieldsQty,uniqueWordsQty,0.5031253786999325,0.0
606,protectedFieldsQty,modifiers,0.3089965161187529,0.0
607,protectedFieldsQty,logStatementsQty,0.2428701287701671,0.0
608,defaultFieldsQty,visibleFieldsQty,0.023396793199202823,1.0876004421915153e-11
609,defaultFieldsQty,finalFieldsQty,0.12423266597545564,3.875716111380591e-287
610,defaultFieldsQty,synchronizedFieldsQty,,
611,defaultFieldsQty,nosi,0.06856829987718281,2.1096620494705207e-88
612,defaultFieldsQty,loc,0.1013390427965545,2.820224367193504e-191
613,defaultFieldsQty,returnQty,0.07083636349836664,3.1149474729403316e-94
614,defaultFieldsQty,loopQty,0.09709975532498026,1.0542615018975096e-175
615,defaultFieldsQty,comparisonsQty,0.09494478056815982,4.783584060241981e-168
616,defaultFieldsQty,tryCatchQty,0.07828367437902897,1.011675712070569e-114
617,defaultFieldsQty,parenthesizedExpsQty,0.06589101127011687,9.157860207169773e-82
618,defaultFieldsQty,stringLiteralsQty,0.07332236498677801,7.642832659444787e-101
619,defaultFieldsQty,numbersQty,0.06442471443426477,3.0524584186639505e-78
620,defaultFieldsQty,assignmentsQty,0.1093839546765908,1.0778658981389412e-222
621,defaultFieldsQty,mathOperationsQty,0.09520705071663672,5.717625225037254e-169
622,defaultFieldsQty,variablesQty,0.11216098060647982,4.152757926567795e-234
623,defaultFieldsQty,maxNestedBlocksQty,0.09490158751430611,6.783245122215156e-168
624,defaultFieldsQty,anonymousClassesQty,0.03960132881431489,1.272247988931713e-30
625,defaultFieldsQty,innerClassesQty,0.0404771469948643,6.444156810333347e-32
626,defaultFieldsQty,lambdasQty,0.042146306848763034,1.83113156860118e-34
627,defaultFieldsQty,uniqueWordsQty,0.11349898928921602,1.033357284914649e-239
628,defaultFieldsQty,modifiers,0.10338016795700443,5.137135839267999e-199
629,defaultFieldsQty,logStatementsQty,0.11827148400038694,2.953286264514377e-260
630,visibleFieldsQty,finalFieldsQty,0.20869835906643913,0.0
631,visibleFieldsQty,synchronizedFieldsQty,,
632,visibleFieldsQty,nosi,0.10122574561808716,7.503774215284925e-191
633,visibleFieldsQty,loc,0.18606220140416388,0.0
634,visibleFieldsQty,returnQty,0.053935876047841357,2.3436777525856183e-55
635,visibleFieldsQty,loopQty,0.11240313267121553,4.06588349953937e-235
636,visibleFieldsQty,comparisonsQty,0.13773171422261868,0.0
637,visibleFieldsQty,tryCatchQty,0.06962411589866788,4.3015932852510443e-91
638,visibleFieldsQty,parenthesizedExpsQty,0.0911695350347847,4.7104619348019586e-155
639,visibleFieldsQty,stringLiteralsQty,0.10829849065007678,2.597495794788707e-218
640,visibleFieldsQty,numbersQty,0.13072109206289143,0.0
641,visibleFieldsQty,assignmentsQty,0.20932457941898136,0.0
642,visibleFieldsQty,mathOperationsQty,0.12126057148967337,1.4483651597429e-273
643,visibleFieldsQty,variablesQty,0.22876717403310948,0.0
644,visibleFieldsQty,maxNestedBlocksQty,0.14778519317636077,0.0
645,visibleFieldsQty,anonymousClassesQty,0.08027466382172009,1.5071871219858901e-120
646,visibleFieldsQty,innerClassesQty,0.06452016952107066,1.8102283542117277e-78
647,visibleFieldsQty,lambdasQty,0.04083962925632036,1.8400323567634296e-32
648,visibleFieldsQty,uniqueWordsQty,0.16746397509008687,0.0
649,visibleFieldsQty,modifiers,0.11667091010264528,2.86375824381052e-253
650,visibleFieldsQty,logStatementsQty,0.11312088863568803,4.025103620181471e-238
651,finalFieldsQty,synchronizedFieldsQty,,
652,finalFieldsQty,nosi,0.3693931777740982,0.0
653,finalFieldsQty,loc,0.4521370497265557,0.0
654,finalFieldsQty,returnQty,0.2168319069996848,0.0
655,finalFieldsQty,loopQty,0.29099514717206126,0.0
656,finalFieldsQty,comparisonsQty,0.28901353748638636,0.0
657,finalFieldsQty,tryCatchQty,0.23361409953009843,0.0
658,finalFieldsQty,parenthesizedExpsQty,0.20719557195423682,0.0
659,finalFieldsQty,stringLiteralsQty,0.3349723250138634,0.0
660,finalFieldsQty,numbersQty,0.329690714778532,0.0
661,finalFieldsQty,assignmentsQty,0.49117571896933215,0.0
662,finalFieldsQty,mathOperationsQty,0.307078814657902,0.0
663,finalFieldsQty,variablesQty,0.49374798504204875,0.0
664,finalFieldsQty,maxNestedBlocksQty,0.32011188481839437,0.0
665,finalFieldsQty,anonymousClassesQty,0.12634544927332314,5.422123512324594e-297
666,finalFieldsQty,innerClassesQty,0.16857476394802265,0.0
667,finalFieldsQty,lambdasQty,0.2124183009736515,0.0
668,finalFieldsQty,uniqueWordsQty,0.4758379479048878,0.0
669,finalFieldsQty,modifiers,0.2605193488656893,0.0
670,finalFieldsQty,logStatementsQty,0.26761233263983664,0.0
671,synchronizedFieldsQty,nosi,,
672,synchronizedFieldsQty,loc,,
673,synchronizedFieldsQty,returnQty,,
674,synchronizedFieldsQty,loopQty,,
675,synchronizedFieldsQty,comparisonsQty,,
676,synchronizedFieldsQty,tryCatchQty,,
677,synchronizedFieldsQty,parenthesizedExpsQty,,
678,synchronizedFieldsQty,stringLiteralsQty,,
679,synchronizedFieldsQty,numbersQty,,
680,synchronizedFieldsQty,assignmentsQty,,
681,synchronizedFieldsQty,mathOperationsQty,,
682,synchronizedFieldsQty,variablesQty,,
683,synchronizedFieldsQty,maxNestedBlocksQty,,
684,synchronizedFieldsQty,anonymousClassesQty,,
685,synchronizedFieldsQty,innerClassesQty,,
686,synchronizedFieldsQty,lambdasQty,,
687,synchronizedFieldsQty,uniqueWordsQty,,
688,synchronizedFieldsQty,modifiers,,
689,synchronizedFieldsQty,logStatementsQty,,
690,nosi,loc,0.6519850269399541,0.0
691,nosi,returnQty,0.12662131226688778,2.721957240738087e-298
692,nosi,loopQty,0.3960886168793369,0.0
693,nosi,comparisonsQty,0.2714722191856137,0.0
694,nosi,tryCatchQty,0.3461656103266843,0.0
695,nosi,parenthesizedExpsQty,0.25919364086837215,0.0
696,nosi,stringLiteralsQty,0.6087713028694168,0.0
697,nosi,numbersQty,0.556612089166884,0.0
698,nosi,assignmentsQty,0.6558972048797771,0.0
699,nosi,mathOperationsQty,0.4374036949350057,0.0
700,nosi,variablesQty,0.6578954999890582,0.0
701,nosi,maxNestedBlocksQty,0.43245001416121276,0.0
702,nosi,anonymousClassesQty,0.1906767068340193,0.0
703,nosi,innerClassesQty,0.25021283207053274,0.0
704,nosi,lambdasQty,0.31361740550258776,0.0
705,nosi,uniqueWordsQty,0.6499179699132411,0.0
706,nosi,modifiers,0.1741646896571641,0.0
707,nosi,logStatementsQty,0.21378564383653126,0.0
708,loc,returnQty,0.2584861528201015,0.0
709,loc,loopQty,0.4607964548233986,0.0
710,loc,comparisonsQty,0.3837802900454834,0.0
711,loc,tryCatchQty,0.42794918417563366,0.0
712,loc,parenthesizedExpsQty,0.317728594553493,0.0
713,loc,stringLiteralsQty,0.6890703422137914,0.0
714,loc,numbersQty,0.6532712942427319,0.0
715,loc,assignmentsQty,0.8602936203693143,0.0
716,loc,mathOperationsQty,0.49372716079155493,0.0
717,loc,variablesQty,0.8462256699112697,0.0
718,loc,maxNestedBlocksQty,0.5869094982996188,0.0
719,loc,anonymousClassesQty,0.30389269207703284,0.0
720,loc,innerClassesQty,0.33830228433442966,0.0
721,loc,lambdasQty,0.305204082587944,0.0
722,loc,uniqueWordsQty,0.8733344594607616,0.0
723,loc,modifiers,0.3157284132176554,0.0
724,loc,logStatementsQty,0.2305145240464022,0.0
725,returnQty,loopQty,0.18193690232691934,0.0
726,returnQty,comparisonsQty,0.2945736629449018,0.0
727,returnQty,tryCatchQty,0.11238779272364836,4.7114119848601903e-235
728,returnQty,parenthesizedExpsQty,0.189645372709013,0.0
729,returnQty,stringLiteralsQty,0.039889502269465214,4.80212148186092e-31
730,returnQty,numbersQty,0.0838604013129053,2.0482638152282208e-131
731,returnQty,assignmentsQty,0.12937715808656247,0.0
732,returnQty,mathOperationsQty,0.1544588155221837,0.0
733,returnQty,variablesQty,0.13211178831749676,0.0
734,returnQty,maxNestedBlocksQty,0.2557277532464976,0.0
735,returnQty,anonymousClassesQty,0.0608602296419506,5.213583338599726e-70
736,returnQty,innerClassesQty,0.047259969177648874,6.709532911421856e-43
737,returnQty,lambdasQty,0.1337711779810451,0.0
738,returnQty,uniqueWordsQty,0.20693178407762913,0.0
739,returnQty,modifiers,0.13140238699103432,0.0
740,returnQty,logStatementsQty,0.07757365377174233,1.1150671097962732e-112
741,loopQty,comparisonsQty,0.41323859623269155,0.0
742,loopQty,tryCatchQty,0.383246394365651,0.0
743,loopQty,parenthesizedExpsQty,0.35979482525775897,0.0
744,loopQty,stringLiteralsQty,0.3306862050593121,0.0
745,loopQty,numbersQty,0.4590386428905474,0.0
746,loopQty,assignmentsQty,0.48757053727215593,0.0
747,loopQty,mathOperationsQty,0.4654920809178676,0.0
748,loopQty,variablesQty,0.4814895431958727,0.0
749,loopQty,maxNestedBlocksQty,0.685874774628999,0.0
750,loopQty,anonymousClassesQty,0.17760619665492985,0.0
751,loopQty,innerClassesQty,0.17847814431986792,0.0
752,loopQty,lambdasQty,0.18643726851167722,0.0
753,loopQty,uniqueWordsQty,0.434570803651929,0.0
754,loopQty,modifiers,0.11792624232281218,9.673356985922582e-259
755,loopQty,logStatementsQty,0.2056124910245622,0.0
756,comparisonsQty,tryCatchQty,0.2908039190178364,0.0
757,comparisonsQty,parenthesizedExpsQty,0.37256547040417803,0.0
758,comparisonsQty,stringLiteralsQty,0.2657254501228328,0.0
759,comparisonsQty,numbersQty,0.3617003502467314,0.0
760,comparisonsQty,assignmentsQty,0.3620790938281781,0.0
761,comparisonsQty,mathOperationsQty,0.3887328394573304,0.0
762,comparisonsQty,variablesQty,0.3600742499370429,0.0
763,comparisonsQty,maxNestedBlocksQty,0.5516934824350764,0.0
764,comparisonsQty,anonymousClassesQty,0.1038316587419144,9.495268165404555e-201
765,comparisonsQty,innerClassesQty,0.13839429268249612,0.0
766,comparisonsQty,lambdasQty,0.15851963633309668,0.0
767,comparisonsQty,uniqueWordsQty,0.3582667093077703,0.0
768,comparisonsQty,modifiers,0.1187546234586012,2.1986808720850454e-262
769,comparisonsQty,logStatementsQty,0.24992492141444098,0.0
770,tryCatchQty,parenthesizedExpsQty,0.22937573055334712,0.0
771,tryCatchQty,stringLiteralsQty,0.31715441361036467,0.0
772,tryCatchQty,numbersQty,0.3294824914727478,0.0
773,tryCatchQty,assignmentsQty,0.3903832143704983,0.0
774,tryCatchQty,mathOperationsQty,0.31862642519144035,0.0
775,tryCatchQty,variablesQty,0.38278278216694234,0.0
776,tryCatchQty,maxNestedBlocksQty,0.6241401392507795,0.0
777,tryCatchQty,anonymousClassesQty,0.20220979626089813,0.0
778,tryCatchQty,innerClassesQty,0.18727067850441512,0.0
779,tryCatchQty,lambdasQty,0.17445072298989228,0.0
780,tryCatchQty,uniqueWordsQty,0.39790403659550677,0.0
781,tryCatchQty,modifiers,0.07434667463860554,1.2385388897556182e-103
782,tryCatchQty,logStatementsQty,0.24533600085194346,0.0
783,parenthesizedExpsQty,stringLiteralsQty,0.25147320090103065,0.0
784,parenthesizedExpsQty,numbersQty,0.32417631455792667,0.0
785,parenthesizedExpsQty,assignmentsQty,0.3198304187384725,0.0
786,parenthesizedExpsQty,mathOperationsQty,0.3755285070427912,0.0
787,parenthesizedExpsQty,variablesQty,0.3163852024022988,0.0
788,parenthesizedExpsQty,maxNestedBlocksQty,0.3424736146887405,0.0
789,parenthesizedExpsQty,anonymousClassesQty,0.09764063607365495,1.1850436491175413e-177
790,parenthesizedExpsQty,innerClassesQty,0.13139145303364239,0.0
791,parenthesizedExpsQty,lambdasQty,0.13269312995183669,0.0
792,parenthesizedExpsQty,uniqueWordsQty,0.31036728153806414,0.0
793,parenthesizedExpsQty,modifiers,0.09615826170643708,2.4526250965892064e-172
794,parenthesizedExpsQty,logStatementsQty,0.14891553281008868,0.0
795,stringLiteralsQty,numbersQty,0.5367817384002438,0.0
796,stringLiteralsQty,assignmentsQty,0.689908451732272,0.0
797,stringLiteralsQty,mathOperationsQty,0.5321687536415769,0.0
798,stringLiteralsQty,variablesQty,0.6922438890511868,0.0
799,stringLiteralsQty,maxNestedBlocksQty,0.3953052543480271,0.0
800,stringLiteralsQty,anonymousClassesQty,0.1332669211823054,0.0
801,stringLiteralsQty,innerClassesQty,0.21580403637102738,0.0
802,stringLiteralsQty,lambdasQty,0.28732273540328684,0.0
803,stringLiteralsQty,uniqueWordsQty,0.725889142996786,0.0
804,stringLiteralsQty,modifiers,0.24899767798357952,0.0
805,stringLiteralsQty,logStatementsQty,0.2245322788631052,0.0
806,numbersQty,assignmentsQty,0.6675261930826769,0.0
807,numbersQty,mathOperationsQty,0.5080447041595549,0.0
808,numbersQty,variablesQty,0.6514991171359342,0.0
809,numbersQty,maxNestedBlocksQty,0.4776256279569322,0.0
810,numbersQty,anonymousClassesQty,0.18553028341510305,0.0
811,numbersQty,innerClassesQty,0.1790033393341434,0.0
812,numbersQty,lambdasQty,0.2267336706308453,0.0
813,numbersQty,uniqueWordsQty,0.6106692879535716,0.0
814,numbersQty,modifiers,0.13359607818237243,0.0
815,numbersQty,logStatementsQty,0.19599541026897616,0.0
816,assignmentsQty,mathOperationsQty,0.5284052847845555,0.0
817,assignmentsQty,variablesQty,0.9600677515890774,0.0
818,assignmentsQty,maxNestedBlocksQty,0.5433127453207416,0.0
819,assignmentsQty,anonymousClassesQty,0.21057119246540942,0.0
820,assignmentsQty,innerClassesQty,0.2726687920885453,0.0
821,assignmentsQty,lambdasQty,0.29378234524198943,0.0
822,assignmentsQty,uniqueWordsQty,0.829268001693435,0.0
823,assignmentsQty,modifiers,0.33637689150773226,0.0
824,assignmentsQty,logStatementsQty,0.23080226056711037,0.0
825,mathOperationsQty,variablesQty,0.5246305945670966,0.0
826,mathOperationsQty,maxNestedBlocksQty,0.4752089165867337,0.0
827,mathOperationsQty,anonymousClassesQty,0.10743140437373992,7.636280906906986e-215
828,mathOperationsQty,innerClassesQty,0.1349758192371276,0.0
829,mathOperationsQty,lambdasQty,0.2009171724736929,0.0
830,mathOperationsQty,uniqueWordsQty,0.530946603123993,0.0
831,mathOperationsQty,modifiers,0.14022694226982865,0.0
832,mathOperationsQty,logStatementsQty,0.2732873315560167,0.0
833,variablesQty,maxNestedBlocksQty,0.5401052753855529,0.0
834,variablesQty,anonymousClassesQty,0.21048696270834344,0.0
835,variablesQty,innerClassesQty,0.2748448150946382,0.0
836,variablesQty,lambdasQty,0.34669820186004097,0.0
837,variablesQty,uniqueWordsQty,0.8316984145908497,0.0
838,variablesQty,modifiers,0.3788107458336299,0.0
839,variablesQty,logStatementsQty,0.2282624664392636,0.0
840,maxNestedBlocksQty,anonymousClassesQty,0.17549259496389424,0.0
841,maxNestedBlocksQty,innerClassesQty,0.16804615530726771,0.0
842,maxNestedBlocksQty,lambdasQty,0.2632681303830026,0.0
843,maxNestedBlocksQty,uniqueWordsQty,0.5302216464452715,0.0
844,maxNestedBlocksQty,modifiers,0.13366149044552897,0.0
845,maxNestedBlocksQty,logStatementsQty,0.2656815338140302,0.0
846,anonymousClassesQty,innerClassesQty,0.17655269431537196,0.0
847,anonymousClassesQty,lambdasQty,0.09506710248831973,1.7774873596748132e-168
848,anonymousClassesQty,uniqueWordsQty,0.20103538673432803,0.0
849,anonymousClassesQty,modifiers,0.019454832321327074,1.609850798219711e-08
850,anonymousClassesQty,logStatementsQty,0.0864601405375842,1.3570387263411656e-139
851,innerClassesQty,lambdasQty,0.13199807239818487,0.0
852,innerClassesQty,uniqueWordsQty,0.2579453141779913,0.0
853,innerClassesQty,modifiers,0.1164351134521439,3.005750286077091e-252
854,innerClassesQty,logStatementsQty,0.06256740661020159,6.804973628960374e-74
855,lambdasQty,uniqueWordsQty,0.31954436417846094,0.0
856,lambdasQty,modifiers,0.09622921878672411,1.3710635480800603e-172
857,lambdasQty,logStatementsQty,0.09609963027715389,3.964500095229778e-172
858,uniqueWordsQty,modifiers,0.41798085490077863,0.0
859,uniqueWordsQty,logStatementsQty,0.2339263439465211,0.0
860,modifiers,logStatementsQty,0.05939731011985463,9.122273602822509e-67
